jam_belajar,kehadiran,nilai_tugas,nilai_akhir
5,88,64,86.99082052831672
1,96,67,75.14815839548575
2,93,85,78.23968252779636
1,88,78,70.44028816452094
2,98,93,87.1622618078884
9,70,73,105.77975250548859
1,77,90,73.89288756717337
9,77,86,116.52491896473927
7,76,85,99.96919016721235
5,68,71,86.74714150627868
4,86,69,90.08954680401675
1,86,86,62.97068835916919
5,63,94,92.44678466458501
7,94,96,107.9667070777345
9,99,76,111.30349076681057
2,63,75,66.46973063626017
9,98,84,110.49380837466984
5,80,91,84.98427239797877
2,73,64,61.71580924089651
4,94,88,95.29660993805601
7,65,76,89.24167303308091
6,69,73,87.44966931102293
4,96,77,96.32658503481696
7,99,96,114.91844894622795
2,72,65,57.152803103407365
5,61,70,79.494666510996
3,78,87,75.15841317297047
7,77,85,102.99297648257114
8,76,65,89.59876888072546
9,75,62,96.66831180582432
9,72,93,109.8369730676836
3,72,94,81.77977299878901
1,64,99,80.50884432961479
7,82,63,89.8034846919277
8,96,87,115.95447510293594
9,100,66,111.02791689366111
2,83,98,84.59941008109409
8,64,69,89.78995250715646
2,96,83,78.06577618071908
5,99,89,111.83568362402207
1,85,84,76.52130221378759
9,98,79,108.6955581111218
6,86,75,90.08260519286297
5,62,77,85.22592884427743
8,62,67,97.20713018000632
9,98,93,116.70522592359298
9,89,64,105.8988658300927
3,61,67,66.47368833332953
7,95,85,102.50817252545343
3,65,98,84.46497850871735
9,90,60,105.93626803204792
9,66,85,112.39268775122082
7,71,87,99.26308259444633
7,77,67,84.28397331813545
6,97,65,94.92944477915907
7,79,92,99.62970920841107
1,91,80,75.93353464385781
1,93,85,69.34387869735963
7,99,80,101.51682810448834
2,100,71,78.87509628821948
9,75,96,115.22865767090302
2,70,98,77.65583601195175
3,92,60,76.63990470788148
9,91,81,118.46284368627772
6,97,97,104.18873979492602
1,83,89,70.41200273838543
3,73,94,92.49314726438848
8,92,84,115.85616568011608
4,61,72,77.60701800322092
1,84,80,74.19817149847376
5,72,64,73.3621551764104
3,99,73,89.7920114617673
1,84,64,54.54790523178205
4,60,71,69.65084321564493
4,73,90,96.00054285484163
2,80,95,83.44056748217257
3,81,92,93.57544330049278
6,87,91,104.90644712923641
1,93,78,64.89575253417229
2,77,82,68.55816190335942
1,93,71,70.74501731357502
2,75,89,73.45362323904592
1,81,77,74.20734463234355
3,83,74,80.23267626496711
2,68,62,57.65414496407461
2,86,93,80.51431903158617
1,88,92,87.85338414555136
1,85,98,76.04823409767037
6,93,93,102.59018935072852
1,68,64,60.65577645238072
5,68,73,78.70760068681173
7,61,89,86.55797977519127
7,63,82,94.97971652139988
1,74,67,64.14762271520564
3,76,80,74.14218493746425
4,100,95,98.88306553572386
4,97,80,90.8448706483369
3,94,90,83.3521847979852
7,79,97,104.63595795309871
1,72,99,76.23506983788357
6,88,72,90.97011596861626
2,60,94,73.97956402192
4,68,85,80.5888571630144
7,76,77,97.13026333461801
6,62,84,91.82434208765932
6,95,66,92.68004448455271
2,86,65,69.45890346962389
9,68,92,101.70943010293746
1,88,72,65.74865320210382
6,76,75,87.85595758252391
9,97,67,105.23563268110281
6,72,82,84.9259190512031
8,64,75,95.095654818252
9,92,74,108.8637218062818
6,68,94,99.50429282701752
9,67,70,95.11350871087578
2,98,71,79.39523570420022
6,68,100,110.14753795556136
2,96,81,88.23707441218723
5,78,72,81.99214121119142
8,72,70,107.31190508340808
8,92,83,115.24093615948514
8,81,87,108.91488655119446
8,85,68,99.13631972465768
7,71,95,100.78167869041978
1,67,82,69.58160459144578
4,75,100,91.03226608216218
5,60,71,75.99088086035745
5,70,75,90.08262992865613
7,84,81,94.95497815967796
9,97,82,116.08776035726257
5,88,81,92.60125818718066
3,78,63,73.7465755218401
2,62,70,70.93230290520611
2,90,88,71.87645651988278
7,61,88,98.45804002060055
4,85,64,73.01710302977256
5,68,67,83.01141461740194
6,97,73,100.30465707170183
5,77,65,82.9265685821736
1,88,88,71.01897739993989
3,68,86,77.54241655490527
9,64,68,102.39584252933979
1,81,88,64.393555266023
8,64,82,103.67916240358815
7,96,91,110.53874427866879
6,72,67,88.9198341630582
9,89,63,105.73211855515574
3,79,85,78.17946569990235
3,65,81,78.52048578375938
1,80,72,63.944449655198234
2,63,88,74.15638016260992
3,92,71,68.50601632747038
4,67,80,83.97377529066006
6,100,99,112.34994253723231
8,97,62,97.57360470368496
9,100,91,128.5247198260442
8,89,91,114.81428314623022
8,78,92,114.24415048862373
7,100,100,117.60586127929339
3,90,84,88.90140813714332
1,90,91,74.9324466239418
5,72,64,78.17241924438866
6,79,71,82.17032606238357
5,99,98,116.5041249665614
7,91,86,105.38215356127012
1,73,84,62.76565282355188
5,72,100,95.48300946531869
7,94,63,87.44712553069523
5,62,82,81.21510739425955
9,91,79,116.28286162591925
1,80,95,78.07355841444814
8,97,72,108.22499215224913
2,87,81,70.31634850437234
8,66,98,115.99635149308318
2,81,97,81.50499940757382
2,89,66,59.726413662318876
6,95,85,103.634890814222
6,80,70,89.70540396025501
1,70,79,58.67367569128869
9,86,88,113.04632497096516
4,69,73,82.94521161961246
8,75,60,83.65995214059268
2,74,70,72.45385990594586
6,94,64,85.38121349966264
3,100,63,74.2224901011864
4,89,73,95.16102186284648
5,91,88,102.68860263822783
6,65,90,103.70272150269915
8,89,88,107.36833737910773
7,91,93,104.4797428374103
9,93,84,106.79688304835696
1,97,95,87.25837096855537
5,85,62,81.72196507367181
7,100,100,111.01056565939025
4,71,93,81.82738845895784
6,84,82,97.45781038874689
4,80,78,79.59065249104097
9,75,83,110.42957163947312
4,95,70,86.93673010914951
1,88,99,82.17151605775018
7,67,91,94.04585127199596
3,92,84,77.99200282962563
4,77,91,90.16509884339037
2,89,97,81.00774191691613
5,99,97,104.10384292175213
1,74,67,58.12659684466683
6,95,99,102.08658273343833
1,77,85,75.81674464405974
9,92,76,103.13807377600001
2,73,87,75.59383719764732
4,60,89,79.94965372058174
7,60,91,101.08986144161788
1,71,92,76.68030837037281
1,67,86,74.73307073953067
7,62,95,100.0840056009973
6,98,64,79.45991642951653
8,93,98,115.43870928253982
5,70,74,80.15658800266827
1,98,99,91.33863660326897
1,98,79,77.97950145659712
3,63,91,75.14106518927457
3,68,87,86.35464988015042
2,97,99,92.15118085129609
7,73,100,110.20525318714802
7,68,60,79.8199077068654
8,80,64,91.88813833480414
4,89,68,83.54930321353214
1,62,63,55.17995142246797
8,83,93,115.4668181692128
8,92,61,108.90267885697278
1,63,94,79.36133076224266
3,66,88,76.7701352219426
3,91,69,71.31829075523368
1,98,84,70.47400543977076
6,70,75,86.13347647783341
9,99,80,120.74943602966617
1,87,77,66.2038280299768
6,66,65,86.84410488525388
4,77,84,82.35129403123784
7,67,99,100.69395788628704
8,69,63,84.05763449822503
9,85,70,108.7435382033849
1,78,100,84.32479369600324
7,71,75,91.78336098585973
1,100,99,85.96530848167188
2,70,96,81.40348885829803
1,70,74,59.65209203645426
2,97,72,81.47100955889348
5,83,67,82.58915125746263
1,84,80,72.62748106467166
2,61,84,67.74210453625236
8,84,70,95.15207783334081
4,60,70,69.23802307242745
1,84,94,72.3504324989201
9,89,79,115.2025257953718
2,89,89,82.50317266071781
6,92,92,102.07022403554448
5,100,76,86.37700914781367
6,88,73,89.01015676354555
5,69,99,102.46844476783092
4,87,90,89.17692214871506
5,77,98,96.35972117839006
5,89,73,89.73494687139099
2,67,88,66.23683369674558
2,81,67,63.2172849614291
3,62,88,82.49223628239739
2,70,88,79.50216521858601
2,66,64,54.43185761618464
3,92,67,70.61221297282565
3,85,76,83.00190224229954
3,84,66,69.68556336407883
6,92,75,90.2216926038972
9,69,82,105.1090802225212
2,87,96,86.32881478144247
8,81,71,102.50214721456797
2,74,73,76.26325840309619
8,81,76,99.86628966376047
2,72,97,86.96680752540249
9,83,91,107.69495956972239
1,80,87,79.52506124388161
7,62,85,105.83821020768914
8,94,89,112.03045589620375
6,65,96,96.23912558519038
2,95,67,71.74974618572485
3,99,65,76.73500262903222
7,71,95,112.84128016846418
2,64,96,73.1101925137416
6,99,85,98.17066334409638
9,65,81,106.85733056120144
1,81,73,65.75105859672931
4,61,89,82.1675720619468
7,83,76,101.52600637820262
4,91,78,94.13341735550537
1,99,98,89.92197893951334
3,76,66,62.77127845762631
9,91,85,112.9739137991137
9,74,78,108.08557355991367
1,71,86,72.91204728076951
8,60,93,104.55326655356193
8,70,90,112.11658006109195
5,79,74,81.38635606382464
7,84,73,87.81906257573102
4,97,62,77.99639050231572
5,70,76,80.89238617681178
6,79,85,100.84278284364824
4,60,76,71.3733219883778
6,79,67,84.97379959297818
3,99,97,89.87429702890803
4,100,78,94.03099818665464
3,71,85,85.47121761504532
3,85,77,83.115769474243
6,90,69,91.59248531927268
9,70,78,96.04348988668073
5,79,82,89.96445058082524
2,73,95,83.54585959456452
7,65,70,91.19081356562616
8,61,62,92.97294877112522
2,98,86,77.749705169246
8,76,88,102.61001939544369
2,67,72,69.46693450097837
3,90,74,77.70942185951117
3,98,94,88.32272302771828
8,97,61,95.22931196387974
5,62,99,92.66148351425218
7,69,95,100.90891031989611
8,92,95,116.44235035734567
4,89,63,76.47780984036805
3,63,60,63.77378787144389
4,87,100,92.15852536503265
3,91,95,90.1293301867324
6,63,70,81.00396870499415
1,97,75,77.78892048339497
8,63,81,105.29249251821612
3,86,78,75.95532971428426
7,90,70,94.93852102932456
6,80,91,95.64991679611856
8,81,97,115.7488927093317
4,82,100,94.048175426279
8,88,93,116.60324212085179
1,96,91,75.56958176664217
4,62,86,80.79134085579204
7,91,65,83.44656476196822
1,78,63,56.523777879789264
8,68,98,115.73563411007547
3,78,72,71.36553773678058
6,73,85,102.64953474427777
2,87,65,67.48554917176587
1,83,76,61.04846744147487
3,81,98,89.67489788306553
4,74,73,71.61867036218563
2,95,96,80.08243291150501
5,90,65,85.4305309300639
3,95,69,73.68395278758243
1,63,62,60.47798690044112
3,96,73,79.17648029408288
9,72,77,108.18204936758289
9,96,63,100.35489089232868
9,100,64,110.61488582195148
7,68,70,91.46793358082589
6,92,78,94.37715522636123
9,60,72,105.57682077551966
9,82,87,114.54073779030833
9,97,80,116.99078590916845
1,67,95,74.9984207874555
7,71,86,97.9446864178933
2,91,90,85.96324348602533
3,78,75,81.92510295655312
9,85,98,114.19146073545207
4,83,85,79.60403536639897
9,85,76,105.15660447034578
7,78,86,107.2141288048828
8,69,76,103.50766532141719
6,63,78,89.39534644075563
2,93,78,83.49004329409108
7,71,79,103.71788554160119
7,93,60,97.24316205846013
8,67,98,108.30737054878524
6,63,78,88.5446478296529
3,89,67,71.0690819728872
5,64,87,86.12089230476789
9,60,63,88.43225424882118
3,69,94,88.90047263637061
1,69,95,74.97500362590695
1,81,65,64.2660337951478
7,76,82,108.81223426755798
9,85,67,110.31186090951886
7,97,95,110.2848876529832
5,86,93,103.38835934918053
8,88,64,106.22441912938781
8,90,89,113.78274412705724
1,83,73,66.08296407497345
7,94,63,93.03021330297229
5,81,98,107.09674777987864
8,88,70,97.08329784044065
2,92,91,74.22300928224392
6,82,84,90.29333070555957
2,94,64,65.79232011763774
4,85,75,76.4436495783275
7,82,92,101.05694961104346
4,61,95,82.69098046796299
2,91,69,79.16302757578543
1,84,88,68.23737758681557
8,100,96,113.61741006427506
1,93,67,59.124858014391215
4,77,68,74.38185814706947
3,99,96,95.88321608421015
8,79,69,100.27528234376626
6,71,67,87.29716030014089
2,90,85,84.60014666346086
7,70,65,82.484925424589
6,94,86,100.45898188935169
4,73,83,79.27421639101648
8,96,94,119.01666698088343
3,69,99,91.15946334680253
4,71,90,87.31893064485722
5,74,92,94.43245736329789
7,96,85,102.63510350251656
5,99,66,89.39342173834584
3,84,77,78.85953648447867
7,82,93,105.47735551885735
9,87,99,124.6428818071291
9,62,99,117.06896564630496
5,85,65,78.53406121060169
5,78,68,82.27157637815039
8,89,97,118.49919854869235
2,85,98,80.26644617397783
8,89,100,113.97174674456983
9,68,66,96.19611556634995
1,74,93,79.25849664743222
9,61,62,93.28342046058552
6,86,94,94.93221104432783
8,61,98,106.18631902815055
3,64,96,83.56340813840926
4,91,82,86.65335588042814
6,99,100,111.55910785730578
4,70,95,92.40967013572686
1,89,83,68.39183515800819
8,85,61,100.57986998689024
8,74,90,110.2336563073644
9,76,73,102.60809616693037
3,67,71,77.83841247231798
1,83,95,78.99716513817697
4,92,85,84.24645011803412
2,94,85,84.3802687219395
1,92,72,81.22656778046482
1,78,70,59.54847554948797
3,66,95,83.1597151077326
5,77,98,102.54267668253055
3,62,66,62.87360140552144
8,83,60,102.87217898200625
2,66,96,78.11005858691212
4,61,75,76.92718810632745
6,83,77,94.26059612585875
5,94,87,96.79712950292065
2,95,96,95.07096052553223
8,79,73,96.36901622929136
9,74,88,119.1706860767928
7,81,85,98.62114112234408
1,82,98,78.28911284863602
5,67,61,74.60949242985244
4,86,92,91.66650692566593
1,85,96,79.56641119525227
2,64,90,82.44271549445551
3,67,81,70.92956348391529
8,99,79,103.41625046681885
9,77,83,106.27258882910583
9,82,97,116.7186686969508
7,62,63,85.57434407785958
1,73,67,59.84500324658982
4,74,72,75.86405545070807
6,80,90,104.0538078033786
7,73,67,94.78523427965682
4,96,96,99.41463899982143
7,89,86,104.2244749904761
4,86,81,80.50718773287653
3,85,98,83.83598523994412
8,97,88,116.71771149870487
7,76,61,89.85326809463089
2,86,68,75.84588717794564
7,89,67,86.80324908988699
1,75,95,70.55705480531002
2,78,61,66.88193011089145
3,79,93,86.97324085849944
6,68,75,87.70690337484724
1,78,91,67.75218652612985
5,99,72,87.2709468870628
3,64,90,78.21429285266562
9,99,75,110.2735177953395
6,66,60,86.91506726020742
3,89,77,80.07402568088148
7,79,96,110.25402463536382
4,69,89,93.42149558097613
8,98,67,104.95994825795742
7,94,83,102.30113138670987
6,74,89,90.85611589683037
9,92,78,105.38515504356238
2,65,84,77.42521038136476
1,98,74,67.61900991682064
9,90,66,107.2959825112085
7,87,87,100.06232659656051
9,83,91,114.07671243614307
5,69,88,86.53031664470258
8,76,90,112.33118447774487
3,82,90,80.69102526520057
7,86,82,109.27764865130244
7,79,81,108.93387459706898
6,82,62,92.41908702811533
8,77,88,104.66940304319373
2,60,89,73.33407455201719
2,70,90,83.49600404215893
4,81,85,89.15711595673162
2,85,96,86.66244418716391
8,63,70,99.37847421604442
5,85,71,94.74885071085285
7,67,71,92.09348739176323
9,74,69,99.88806316645079
3,85,76,73.86153094356597
7,88,65,89.58853165154547
7,88,64,87.64565037941725
2,67,98,88.70091743882485
7,89,86,113.3807805474266
9,89,93,119.58874338840377
7,60,91,95.63450540299459
4,67,83,80.05102326908612
9,99,94,111.98484852781029
8,95,75,108.37483423634293
3,67,77,73.6862240666801
8,82,65,96.61390305453995
2,71,90,77.19481846635925
9,71,81,108.9924620111297
5,91,72,93.02243520455721
8,72,90,113.62160187090149
5,93,71,94.63724510966269
4,79,88,93.54668261628238
7,61,61,89.59724016739068
8,93,63,100.4132583858408
5,77,96,98.94682987449518
8,62,75,92.61199103679685
6,67,66,82.61148245292203
3,90,73,69.92836170473856
2,91,62,61.84125765069467
4,93,92,97.11615521503992
3,78,97,91.35785469945723
1,68,61,50.92849798110871
5,91,87,102.88149493902355
8,92,98,112.14979833641385
3,72,84,78.85082376967634
9,65,89,104.80567220571457
1,97,89,74.50738725661505
3,76,64,70.46163434316082
8,88,76,102.7780065953772
1,98,94,79.50985967259237
5,84,68,88.7602607524089
1,81,75,73.83497476376843
6,98,66,102.75325568058233
7,93,79,105.25614944245396
5,93,60,86.13517773397982
1,84,69,66.13834907688626
2,99,62,73.55036428088681
6,73,63,83.81558494495906
9,86,92,119.11860050294788
8,92,84,119.05779595886794
8,96,76,106.7116302539254
6,63,84,82.83764367008014
8,68,94,101.46662653466547
3,75,65,69.03914858931758
1,86,95,78.8350484791399
3,63,83,69.57949908379344
9,77,97,115.00222321516421
8,88,75,111.38878105327998
4,90,96,93.20635140675425
6,71,82,92.19275460902672
4,82,68,72.60450054479217
6,83,60,82.6160620048026
8,68,81,95.2284281445515
9,87,98,115.84563989535216
1,81,77,68.00492071565309
7,68,89,100.53058807835939
5,100,95,94.17347616227671
2,74,82,70.54443586990075
6,77,89,104.59598753204364
3,97,81,88.98153754121932
6,81,86,95.89169356447707
9,80,92,112.64621096169343
4,72,77,85.6484149800773
4,87,84,89.31457274912867
4,99,75,85.64819460589293
6,80,88,104.41735521970686
6,86,82,99.72971144119674
4,62,85,85.71666078685546
4,98,66,78.89150735612739
7,67,98,100.11370248204287
3,95,63,77.25272363852486
3,66,92,71.8680750033408
5,63,91,89.45642176353662
1,60,60,51.61037697194953
7,78,94,100.12334039376799
3,81,84,83.10461204295332
8,62,90,97.66142273433366
4,60,64,61.98735458792939
2,91,97,80.4220884825102
8,72,100,98.29014796423473
1,62,89,63.62736873661393
8,92,99,112.23632128836333
1,90,81,72.50752476894124
5,85,87,92.15226183908872
1,84,81,68.25796970259555
8,64,90,98.71047971288796
4,95,83,83.21482137219833
8,98,78,113.9823619327774
1,69,91,69.46078267226773
2,84,64,64.65234068686388
4,73,99,92.22199313140932
1,70,69,65.07351361975137
8,89,71,105.23718761058522
6,97,78,105.3029958661964
7,63,61,100.05145812156127
3,70,99,81.42968924235187
8,63,95,113.37791200152103
7,76,86,100.98748455125613
2,87,79,84.42012674744387
1,96,78,68.02401346711886
5,76,93,93.15756548840544
6,64,64,84.38466291514175
3,66,69,65.96394574554671
3,82,60,72.88296915521333
9,92,90,117.76847092385515
4,73,84,82.75467566484089
7,92,93,108.80229991844944
8,79,65,96.05987837606918
6,100,81,97.89606381551421
2,92,76,74.16521043439235
5,94,68,94.2263952458907
9,69,84,105.25273122647053
1,80,80,71.83646534461138
8,60,83,102.95751242558083
5,64,78,81.86306482292709
2,79,82,73.21092954844819
9,95,73,107.17878486210861
9,84,72,106.80178325385764
6,81,61,90.0763387251763
2,72,96,76.29115510113647
1,73,99,67.59448716805957
3,99,71,80.72483742200315
4,81,89,89.89257341938925
6,97,66,86.1990735960506
8,81,96,121.95963406763101
6,60,99,100.92224291056351
8,84,76,105.91389258522541
9,74,67,104.67174609662956
9,88,80,114.40388612412423
3,83,74,78.71385560796357
6,100,81,110.1430197375847
6,95,72,86.703884591448
7,69,70,92.00337533282656
5,91,99,100.22707129034848
7,76,66,92.93007211284639
6,64,71,84.17528636187085
2,76,98,80.98086865841454
2,81,73,76.14854617476529
6,91,74,96.60401876934966
7,62,87,100.62200380325949
3,94,89,90.68622357594128
2,78,60,69.09776967005523
5,95,97,91.66431802910223
3,91,93,89.60690410151106
1,70,80,68.50823890186875
9,87,84,112.88728452571071
3,81,95,78.77701701481956
5,75,100,101.07660699692065
3,98,76,86.83260398049494
4,64,80,75.7863004038076
9,89,78,115.21713450838905
2,98,74,69.50468584207796
5,99,72,95.4537415183667
4,73,74,82.67417140966157
3,97,81,79.56263166866148
4,96,79,86.72337141812038
1,70,73,66.3666598370299
4,94,68,79.90444786193493
6,63,93,100.57429879878077
4,84,74,84.98326531241074
6,84,76,95.34491093760435
8,68,76,105.84398224484211
9,61,77,106.4498630506155
6,75,66,88.59047358970783
7,63,92,85.12832846914921
8,93,89,107.9636725732193
7,64,64,87.40692784462462
6,75,89,103.2755314322965
5,76,71,87.68334160083319
6,80,68,86.96749523215188
6,65,75,82.95255302988873
1,84,68,73.04099106868425
5,79,91,94.03584019643655
4,67,78,80.35793861790268
7,99,80,105.1518472149588
8,75,66,95.12403692082793
1,60,65,60.383279805391226
4,85,61,69.11865559433792
5,74,63,68.24659166229623
8,90,94,115.52835446798717
5,79,89,84.24026530490832
6,61,64,74.32031430933452
1,87,86,69.65670548726176
2,75,70,67.6086861832448
4,75,66,70.55963472808246
5,62,66,67.18753601441536
9,77,74,99.53680473567258
5,69,88,89.88374923293236
6,68,90,96.176729806188
5,91,81,94.03035319388836
7,98,81,111.632311833003
4,99,97,99.10329992236602
6,93,92,96.33297238590546
8,68,93,104.21885258613848
2,91,63,64.55933611959968
4,71,62,65.91202090136316
8,85,94,111.65325650947702
3,78,69,76.68664799744172
5,78,62,75.59799810727138
7,72,75,95.97325422142403
7,78,88,107.39645496449843
9,92,90,115.55457779090509
6,68,63,78.4490709394553
4,72,95,90.6439776988785
2,99,80,84.41531834227966
5,77,61,77.62539939193469
4,88,76,86.62786215021637
7,78,63,86.92884051526266
4,87,60,76.05975804168938
3,93,63,78.60877458933356
4,92,63,77.3238023499907
6,64,87,88.33641021760285
9,92,86,116.86010869738139
4,67,93,85.98297934416598
4,69,96,89.9252426488006
5,78,76,92.8935950874236
2,83,100,84.86124430300869
1,75,92,80.35281497668224
9,62,80,109.6026969019343
3,69,77,69.17098863529253
9,78,65,99.7014611278007
5,94,91,104.05712063666589
5,86,78,87.25141308976926
3,96,90,90.45993671950859
8,77,95,114.86217298246312
7,93,80,108.13356736276545
8,89,88,110.00134752207119
8,87,89,110.96715721281117
4,69,92,81.54454555263968
7,88,82,107.53088725652573
8,71,66,89.04273201110273
6,93,99,102.22062846676678
8,95,77,101.81435091395244
7,63,76,83.00063585250226
8,87,96,116.54751128045538
6,67,64,82.66159840928725
5,69,81,84.11748881847925
2,74,63,61.37845086783701
6,63,60,87.38950556024633
4,78,61,81.66131076338374
5,60,65,83.48845658967397
4,88,74,79.51693363391091
1,78,67,59.90978803011525
5,99,91,103.51474349207736
3,94,60,74.19277550695622
1,90,88,80.48783495210719
6,64,84,91.01978226641772
7,79,60,86.68162345008567
5,91,75,92.0822896976783
3,63,98,84.31759953522186
8,72,95,112.3296721806297
9,64,96,119.1423792002595
8,68,63,87.33889855667056
1,93,63,77.01597738520724
5,64,95,96.12995926749798
9,95,87,114.51747720372774
8,87,78,115.42074131996402
3,89,85,90.68453898126243
8,99,69,101.0675605701464
1,87,67,68.15615416881066
8,61,97,110.01483032449568
5,99,91,103.27488557941214
3,71,87,74.30596707904974
9,95,82,112.83160436624784
9,79,96,114.4210656438781
9,85,60,96.55626667613438
2,69,61,61.73384892831329
9,66,89,105.62614777820815
2,71,88,76.92940181098827
5,72,84,88.31273243856354
4,79,98,103.51779909049262
6,76,64,79.42059759742071
6,90,96,104.4161350543206
3,83,85,85.13108660782075
7,70,95,108.32435259471625
7,93,66,96.90010263313414
5,87,75,80.01356386152597
5,65,73,81.14766362717091
1,72,75,58.028060462085804
9,92,89,125.88963496080542
3,87,67,65.6796111680294
9,79,70,94.40213256362547
6,77,85,93.17585232253597
9,91,91,122.46290669407007
1,85,89,73.38554064895695
8,80,73,89.88509407347222
8,88,83,107.55384029581008
5,92,63,94.07619875297695
1,83,79,72.3103017256904
4,77,76,77.68861193718355
8,63,86,105.81935808876602
5,67,83,92.63220455925992
5,68,100,98.77891849478497
2,80,92,75.3050608200435
5,99,63,81.96739757386182
5,70,95,89.963057849067
3,79,74,77.40863812766503
1,61,71,63.42245243346997
2,69,99,85.7324234102371
7,84,65,92.52322700409655
6,89,74,93.28408953504558
1,60,67,62.64754702737932
3,69,74,72.84461855220007
1,85,94,70.90730332521684
5,66,87,96.93300082588873
4,82,76,76.21177591178842
9,85,99,119.35002283343479
8,65,82,103.62217738118846
7,82,87,99.59498383951552
9,60,85,108.0575913834355
9,79,85,111.57421134905674
8,95,84,114.15926692054671
8,65,78,110.92151923096002
8,70,69,95.57375013929848
4,65,60,65.44933113961169
9,99,81,118.82963260612013
3,63,95,73.90406174837419
6,65,92,98.11108928708471
9,91,67,101.47909819071981
8,69,66,100.15583795635797
5,78,98,96.23017246902604
6,85,78,98.34495201468826
1,76,64,63.75082526080684
7,65,66,99.84773397103665
4,90,78,82.97861743924875
9,67,67,106.1530457993462
5,87,78,85.3332913870188
2,92,97,89.00088172542462
1,95,64,65.43774730696575
5,84,66,85.53774889820784
3,78,71,70.03999762900641
3,83,96,91.64538294384371
7,96,80,112.05841386030461
5,78,67,90.93093762705439
7,76,83,100.49105483980357
8,92,78,104.0691860663818
1,60,73,64.06825683277472
3,69,86,73.90972030132872
6,92,71,87.75780142562715
2,70,98,77.74922196039168
4,80,92,81.47011812499643
9,94,88,121.61197713555933
3,96,95,95.96863004195085
6,65,72,82.05265717776469
5,63,93,85.48185000200507
5,73,97,88.07552595895865
6,80,74,82.02313408550182
3,86,74,74.50612719614851
4,81,85,81.14960142962629
5,94,93,111.52330225491399
2,83,68,73.62970433344357
6,65,79,85.18648539266742
9,71,72,104.94373628374245
1,68,90,73.20314543521987
1,65,80,64.58627545156986
5,87,73,93.11875334061472
6,67,97,104.45262752555186
2,93,67,79.86143472165577
3,65,64,66.09386343560327
9,77,73,100.02862437359705
1,62,89,67.54846055341724
6,71,69,89.74020520463452
3,65,99,91.08303137092645
3,88,87,82.02421037916184
5,65,75,74.1201289404296
7,74,70,90.74804031363345
3,63,94,76.84044440373553
1,98,77,72.21550401421689
3,92,96,91.22211477555255
1,100,96,81.11706038626225
8,69,63,91.24783880468608
3,97,65,79.33997635503887
6,62,80,90.23917566865457
6,92,99,105.70189262850111
2,74,74,61.26296682138305
5,91,85,92.06939488395213
2,61,65,63.63144801129728
8,81,62,102.65842734709645
9,85,90,106.56447163394189
8,62,60,88.21339679067667
5,71,82,87.06056220664813
5,69,83,91.96220651723235
3,100,90,89.20104419102455
8,80,86,100.67256403471644
9,72,98,119.73499345412134
6,75,60,78.62370090136143
9,85,64,100.23951657220468
3,72,91,83.13404612075362
7,66,81,97.07672142418788
2,85,90,75.98238385718473
5,90,65,84.53462834765462
7,69,75,83.00597157742054
2,86,78,69.90767739973855
5,100,97,103.0782666685179
1,88,62,55.74785133780032
6,74,79,96.4140508157797
5,92,67,82.00881613289492
7,88,64,94.28670842779599
2,90,90,86.53402563152066
3,65,82,71.0853799506817
3,74,82,81.4271215153383
3,90,89,92.29094846780887
5,86,65,86.99554008235759
9,96,66,107.89915146924439
9,68,90,116.46600275626835
9,87,83,104.02722174210778
1,84,61,57.64396388919004
7,70,88,87.02709118431311
1,90,95,80.04578579096356
4,76,60,70.13747019568552
3,96,63,68.47398545222399
2,67,78,75.719986778455
1,99,99,80.73609800961181
3,87,65,71.64601233954834
4,90,66,78.65627132466506
1,64,94,68.1586367959924
2,80,90,77.72000317856968
4,84,65,70.14688993875946
1,77,97,82.93665044787569
2,81,85,73.82015816674202
1,92,98,76.55858538317712
4,72,62,67.99317307520604
4,86,95,97.28023506588806
4,76,82,86.53187208314395
1,75,98,75.92229021336921
9,73,83,117.05047178624429
3,88,78,84.87596457574185
9,85,89,116.70579680448125
4,73,73,76.23526264577099
6,61,83,92.31983090513528
1,100,69,69.99575584854462
6,79,61,79.56931930212663
3,79,65,61.16660407012329
5,93,75,89.94152940063535
4,92,77,85.51351813216284
2,77,73,78.95980742997084
6,67,66,79.1657379938717
4,84,92,91.23983567151808
7,79,98,102.87093412484683
5,61,90,89.18027482811011
2,98,70,74.48308651396805
9,89,62,100.37047071879175
1,71,60,63.52204453286065
5,96,93,99.7933625503484
9,70,64,94.42882868235823
4,98,91,98.48456704545436
4,76,64,72.53652416611789
4,86,99,98.43222453574452
8,74,61,97.44583596111596
9,86,60,99.38892765050787
7,66,62,88.25502700717388
2,93,77,69.43887914930694
6,92,67,91.95800955708177
9,66,74,97.49165765023413
4,94,64,81.2909782973428
9,72,92,113.17047168501054
9,91,82,113.18295840750966
9,72,66,105.7964356104765
3,89,91,85.2277995930769
2,96,69,71.46359663701088
8,80,70,102.08892305859193
4,91,60,75.10179355507631
8,75,70,95.21853592035352
8,91,77,116.54568776297508
3,91,84,72.59235912976357
8,73,85,95.47873222280028
5,75,74,76.12496805974645
2,100,80,76.24352745882219
1,98,96,77.55955067672187
8,63,85,98.21345546804001
4,88,76,83.46492195465507
8,100,98,121.96225925486567
4,86,83,91.54960487242211
8,89,71,97.47153565351172
3,72,85,81.98783209913809
5,81,81,86.80528781546506
5,62,83,91.99533132218781
4,63,94,91.23028044926883
7,87,81,110.82298056428252
2,87,85,79.79393557917973
8,69,91,103.86054643783939
2,69,73,71.64819941764817
6,65,75,93.96305473036978
6,85,83,103.82703567124038
6,73,61,78.64927967480833
7,71,99,109.00577027787003
2,63,98,69.73704260660612
8,85,73,109.09094237882208
2,83,89,82.79891097417472
7,74,86,98.35962810546347
1,62,87,62.114484787481814
3,90,84,84.27692229310598
3,62,96,83.3848604218983
7,85,82,94.95076618399045
9,95,76,106.81057606073801
6,95,92,104.0901808433644
8,85,94,106.23404521020736
2,100,64,84.64870499011182
8,99,76,106.31324290309371
2,88,72,79.7272747784941
2,81,90,79.14224223500462
2,94,70,72.44010109942073
3,99,98,100.46602333289914
6,68,78,88.16616523786676
2,99,70,81.06674421397608
9,77,61,96.5681488844223
3,77,97,91.12340417011912
6,72,78,81.98240124699821
9,85,89,110.25639266880094
7,93,89,105.60875963215497
4,83,70,76.49666455986969
4,70,85,79.39401231848025
9,96,62,98.17872550878128
3,100,83,88.09045880343797
1,97,81,72.76358753018349
8,99,94,118.54529081125379
4,66,94,100.31720767393082
4,70,71,77.81359660264539
1,88,96,77.15500951189875
5,99,72,84.81123318309724
3,89,86,85.20681505698052
4,100,99,100.34855107197858
7,81,97,105.30070767205784
7,83,90,97.11354600459671
5,95,86,95.24998205150568
8,95,79,105.09734584569031
5,61,72,78.96139167783768
2,78,84,76.2304692941375
1,89,80,77.22481987936496
5,81,94,97.25805525329005
6,86,66,95.3006120128903
8,98,66,103.17137841295735
1,88,60,56.99245787073638
7,86,84,113.40119825511701
1,91,72,66.49780326640953
6,60,78,89.36989594207502
9,82,65,108.13957115887158
3,60,81,79.88596033524664
9,95,64,99.07179494846785
4,90,75,75.91137831667112
3,85,95,84.1534094078474
5,91,73,89.02630707613599
4,67,69,66.65365881468941
4,94,97,90.61726646508839
8,99,86,110.27272733724288
7,74,91,102.17381658178155
7,80,83,102.4098647173368
3,64,65,67.05180815031477
2,97,92,88.970178353444
2,92,98,85.38173491270818
4,62,62,64.2388624594459
4,80,86,93.67142484758686
1,75,68,72.13733750710877
5,70,71,84.46581792193997
8,88,94,115.23257442376338
8,94,71,102.30031941823009
5,95,74,87.91828439470626
1,97,81,80.41252527457596
3,82,66,81.8123985549808
7,85,64,87.36633624917758
8,85,79,106.18329503154261
5,61,74,82.74374064480497
1,68,60,50.85138845608559
8,72,60,89.54305550043914
6,71,69,84.64403863899794
4,68,63,81.73907355530302
9,95,82,113.3664908723915
7,96,61,100.61783367275606
1,98,96,88.47948587189856
4,73,100,99.18762097043795
6,88,98,100.0725991962495
1,65,97,69.5256285331078
5,65,84,82.4096243081188
6,77,93,110.30671088187287
2,70,84,76.06489220949584
7,70,75,83.77348500889934
5,77,97,94.17529029670708
7,83,94,111.51206231277841
2,75,75,67.65543176290419
3,63,79,70.39419732385797
8,94,62,100.21686359570093
2,88,72,78.86056809804788
4,87,78,92.21172656107913
3,76,84,76.98755129347705
9,72,95,119.80922804328978
8,74,79,102.8433785152857
2,88,78,71.68832053366788
1,66,100,73.4166570726563
9,72,87,109.48260680646959
6,79,69,80.84451941799038
1,78,91,72.44181638049079
9,77,63,96.26395428353422
1,89,72,74.58619045036352
1,96,89,86.58712552302487
7,96,86,106.55350240103427
4,96,73,80.20567328342678
3,85,87,85.63428078129702
4,68,65,64.91038623359576
7,100,60,106.97394535298609
4,64,85,82.80199435131755
1,91,62,71.21868798259634
7,79,82,92.15805230868992
5,98,73,86.02443276700896
1,73,79,68.15627501368616
1,83,60,58.83020419877384
1,60,98,78.87408831172054
9,91,99,121.12206827015963
1,68,93,75.1225056626098
6,100,100,105.55010216216758
3,99,62,69.08911462301796
4,71,96,92.861129160754
5,64,80,93.7152028590593
4,70,67,79.19945581958837
3,87,69,78.22618445369487
9,91,78,119.29840919231883
1,86,96,67.85906848698208
1,65,94,63.9329375119708
2,63,67,63.89775584895753
1,65,61,61.30573700653736
8,63,68,98.13451241125793
2,99,85,86.45765459153304
7,68,91,100.66044086039751
3,71,65,81.44163660521913
1,65,60,55.342673670578954
6,96,87,107.62438795623635
2,93,86,82.77502361299747
4,95,92,88.37014039279164
1,88,91,83.18584114327885
7,60,85,107.0014040305664
5,97,61,80.52646522664676
9,97,78,122.98897384104234
1,98,95,85.03838272672807
2,80,65,67.02107729235045
8,78,69,97.26177954814348
2,87,96,88.70146968635639
3,76,76,82.30823765701167
8,93,100,114.97287017467457
7,63,66,76.15315558478105
7,72,60,83.28906546624425
8,64,83,100.70758564686848
6,100,99,117.09994980166016
2,72,96,82.40635946943877
5,68,87,87.12363186855141
3,67,64,66.51281935952414
7,65,84,99.2297723981735
6,65,91,101.27050549092894
7,86,90,105.11598579157564
3,100,61,78.51930328118787
4,69,76,74.2495996395486
8,100,67,103.81666391307522
7,97,77,107.0638264264984
6,72,97,98.53570824124321
8,74,81,102.19819385761903
5,99,87,96.92442690523653
8,65,63,87.05943705734849
4,80,84,86.67223590002996
9,62,94,111.56236957665969
7,98,69,96.18233270011756
3,68,100,85.3396385723554
4,89,79,91.50384264086416
6,86,64,88.50193617013323
2,71,73,62.87251985372039
6,68,67,90.26300763859892
2,100,62,72.63859861895538
2,64,95,80.06676979796991
1,92,68,55.90863476116289
7,97,73,103.86495854864053
5,94,61,90.90315123617857
2,100,98,98.76324874761181
1,77,93,79.07512472450736
1,100,97,83.43121396523483
7,64,81,95.79414951132411
8,87,100,114.50050122599289
4,67,100,91.53195496344367
7,71,75,100.79351634465874
9,93,62,105.91401802232211
5,99,65,83.4746516624672
7,90,69,90.9180327650578
6,90,98,105.07368350829768
3,97,62,71.58358585812822
6,72,80,82.40967286394823
2,99,84,82.15724226858083
7,69,60,86.06811581682348
1,82,71,59.29814431126618
5,77,67,74.881592490392
3,63,88,80.43658070109784
4,62,68,70.35553597180413
2,80,61,70.38682766375875
8,82,79,104.7483972199293
9,79,81,114.39152850947373
5,60,98,104.07651846960482
8,99,99,120.41248003780017
9,77,98,118.75735202817604
2,79,69,68.76149385186017
8,63,86,103.40452858736111
8,93,62,95.93803525409949
1,60,83,64.10370897327519
8,73,100,120.00143970188361
3,62,83,83.116491624274
9,84,90,117.5295419359172
1,80,76,63.93091757538033
9,93,86,123.0571007608787
8,61,61,86.74030612257916
8,86,79,110.07982888427829
7,100,91,104.49956595854523
3,66,70,60.031601415572105
9,94,63,103.9395954845754
2,69,94,81.15509455645665
9,85,62,100.7301338505136
2,82,60,68.08098758404937
4,70,69,69.36985082425369
3,86,64,68.8697073275577
8,76,88,112.90481832574775
6,84,63,83.52389142096038
6,99,78,90.27153683898794
1,97,69,69.74817132131183
5,97,87,94.31882606369706
2,98,95,81.31372193291925
6,73,60,87.9376512140008
4,78,77,72.83361126024457
4,95,69,85.19670681597239
4,79,63,71.61786552530647
1,66,65,53.02885751699795
5,73,69,78.17868483210454
7,79,81,104.55961059735502
6,60,65,84.44492426008951
3,91,76,83.80053681903352
8,90,99,124.50994336454885
3,79,96,76.45206914509883
6,72,61,76.60726740920241
8,74,69,92.83320593247046
1,83,96,73.04113137306761
1,71,84,63.00536736975779
1,69,96,62.144811999943116
6,65,88,91.49330723723307
4,67,100,100.43125317899133
8,73,96,112.87977430822541
7,74,74,88.16486036482546
8,68,96,109.55083709930155
3,90,86,85.7285923837685
2,77,95,78.53183013242088
9,70,99,106.34099988054862
7,60,88,92.62682029508201
2,78,65,69.92986461579117
7,95,61,99.86319730689047
4,75,93,85.26568320822965
9,89,95,125.18564985314732
8,87,78,104.88063395369745
8,84,61,91.48976466020488
3,86,94,95.2633815643194
8,93,60,102.40361690674882
3,98,73,85.76836907870913
4,61,87,86.33801460357829
4,92,65,85.18083405458688
4,67,63,73.90591294962043
1,83,78,71.83701660387537
2,99,97,96.01485640454483
2,79,82,79.27604057618989
3,84,98,94.31306126852803
7,84,71,93.56177586675689
5,77,99,98.11579314011401
2,81,83,68.96323697537825
7,93,76,101.37143761667191
8,64,67,90.04385538017883
6,81,71,95.06491900714327
9,97,94,124.60240471640523
1,77,93,78.26784782723082
3,75,79,73.34497729178446
4,92,73,85.22502951931797
7,72,64,84.63218822976734
7,88,81,107.63647395640061
7,94,72,102.76868396184169
9,71,60,96.0817371975908
2,71,93,69.89313596201765
4,77,77,84.27426936281624
5,80,68,88.40228153025402
4,75,97,95.19707812764054
2,87,61,69.8669480694495
4,67,79,79.76912911293506
6,62,92,95.3659405438992
9,93,62,104.83927685480762
5,94,74,92.3006853318093
5,71,91,85.25566362474841
5,75,87,96.97159951422032
2,72,62,59.891060729004906
3,75,93,90.33294416131288
6,81,94,106.70532648223282
5,89,66,81.32162492518889
2,73,94,76.48979148326194
6,89,99,105.50538140136136
7,92,78,102.52197703665564
6,71,87,88.65779025326778
5,69,100,108.24980757270123
7,93,87,114.32324562617609
3,64,62,58.0791682974388
2,76,61,57.84855675077568
3,78,76,75.85843326532624
8,90,88,113.85439335113287
6,88,80,90.67671252459756
7,83,63,92.39595559738385
6,69,63,78.60059466631766
9,64,83,110.70248793920953
3,87,91,86.78375661287953
6,70,65,80.84076084338263
5,83,91,97.98530739346826
3,64,61,64.16785013491655
6,65,78,87.22581344414755
7,97,69,112.74734515859497
2,76,70,63.70218116030399
9,63,95,109.71678535982637
3,83,81,87.03921128705089
9,73,84,96.26602850939898
5,87,64,72.35796070431378
7,67,71,93.57197591509338
2,60,61,56.43008951623092
2,73,67,66.63063264372789
4,86,63,82.37139510906299
1,87,81,69.96535606798079
1,79,83,75.27224203088504
9,63,70,97.01866166687559
2,69,70,60.631699474442634
8,93,94,125.22880834855515
9,75,73,105.16989598024908
1,81,67,54.838752792804065
2,95,64,64.85683698695458
3,84,93,90.2570827290817
9,84,79,102.14897294619311
9,96,69,108.47881800587245
7,72,88,100.28132815644842
7,77,90,101.50956821591492
9,79,79,102.1741933182926
2,85,69,63.12405676760847
2,91,74,72.79080948919676
1,68,82,67.39174790168646
1,94,61,63.51620302340803
5,94,79,88.37940816744509
5,100,78,91.7151850581423
2,94,90,84.32327218591566
9,91,93,115.92785852231955
2,60,88,71.67376985277943
5,73,91,89.61214167882397
3,68,92,76.71170368847504
1,64,81,68.89591759506781
6,75,63,83.97216117915053
9,61,82,99.536669873735
2,87,100,87.30216049242318
3,60,88,71.4493588339034
9,82,71,103.08613370207102
2,76,65,57.52204658879337
6,64,67,88.96506152542278
5,79,74,80.3765853780091
5,67,92,91.59079811392779
1,97,65,67.21168193562609
7,70,64,87.35056370531704
4,90,74,80.76341063543276
3,73,85,69.25454390100336
3,98,76,85.78716825754064
5,86,90,91.38025761927086
3,82,95,93.1808077649594
9,70,86,117.07254814048716
3,72,95,83.27173328281438
1,66,83,68.59155111888539
6,83,62,88.5493185800306
7,75,73,86.00143095725255
5,78,65,76.86923764619189
4,94,83,89.73092216664023
4,85,75,75.81451406420588
4,82,70,84.27351905869727
1,98,85,73.30392415733127
7,100,69,95.70194476970123
5,78,86,97.75507509771649
7,79,68,93.11981025213338
6,90,77,91.58496060631003
9,71,84,106.39637400766915
9,88,69,113.45850789855677
8,78,92,95.80864163883807
6,64,60,77.94947318676208
9,63,65,91.67349360054315
6,68,73,92.8684815308539
7,85,99,108.02548248319673
7,98,93,114.08726038299478
9,84,75,114.62875478964003
8,96,93,121.89824344767752
4,63,90,78.18174493009556
8,66,68,93.79450147533352
6,67,69,84.89138862946224
4,100,83,84.658064289747
8,97,78,105.93186142703148
2,88,99,84.99100102443641
4,67,99,86.37108746594609
1,95,94,82.75930086162084
4,91,85,91.1569809344884
5,67,69,81.1501036700135
7,64,79,95.14970218405959
7,80,87,98.17805756468194
2,85,71,74.99515842209064
9,78,79,108.16612429977096
6,64,100,94.8230099316503
4,61,95,97.87206339931394
6,64,63,81.89604392821276
1,93,70,66.39232783879606
4,93,97,96.1704942780207
1,76,86,69.65654779543942
4,66,82,79.6512101345292
9,88,74,111.70667279229937
8,80,96,114.27382986880203
4,79,78,94.80124590598582
3,67,70,78.20605799948247
8,74,96,112.4652741393006
9,93,80,112.76228417056117
7,90,60,92.04506229530857
3,71,89,81.37413759076131
6,84,65,89.10022269989717
7,63,91,101.12028774891444
5,84,99,110.6977165232802
6,81,87,96.51734206889674
8,75,79,94.461280791049
6,99,91,101.31024878428639
3,79,99,82.77798020876989
6,67,67,86.65045992290803
6,60,92,88.85206032685235
5,90,72,84.077284387163
6,86,65,92.09084683587754
9,99,69,105.48973570454793
9,63,88,107.50003268107405
6,74,99,99.10022108227129
1,100,65,58.21584626390388
2,92,96,83.31026041742925
7,86,97,97.27140818144169
3,86,70,77.72863980959042
9,90,73,118.72610913407736
3,90,65,75.47370402807604
5,90,86,100.5098388479168
3,89,83,75.88515285428448
7,80,85,105.27974829258541
7,88,65,92.61677434573687
1,66,82,67.41544529692585
6,65,93,98.46246834522611
6,68,96,104.52562576652635
6,87,67,88.99741867648403
5,61,67,84.64871803905925
9,94,94,113.38837699915621
7,65,91,100.90899578029206
3,98,72,78.86416912454195
2,73,91,74.96634842968142
3,96,62,75.4429830760536
7,92,95,113.7802334124253
3,75,77,71.37845614211506
1,89,79,71.12684784411042
9,68,75,106.32654123632615
3,94,98,87.58301205876322
4,98,98,104.29260920244604
7,78,81,90.36862864392666
2,97,99,88.60189168759868
7,65,95,102.73892932739555
3,96,96,92.2383083975624
4,86,100,87.36939747251455
8,72,89,113.21331609301205
6,70,74,82.00736809876484
1,62,63,48.17881348509839
2,64,81,72.0506560523541
3,98,83,98.96948163731182
6,68,68,81.06389636260253
4,92,92,90.16204221099295
3,64,82,69.46017319230998
3,66,91,80.64425262388069
4,91,66,75.65379712621987
8,89,66,94.5839909484215
4,69,74,78.1692186873129
6,92,73,92.23653508126311
3,72,79,73.76444851873396
9,91,63,115.47864165425025
7,81,91,103.7388817692351
4,90,96,100.28671140560905
6,71,61,82.37919543446792
4,69,93,88.812862476024
8,80,81,107.64382698686734
3,74,85,77.89833484320438
5,85,71,96.92632622084975
9,67,64,93.4757873184224
1,93,93,81.81033890902968
5,72,88,83.78415568433653
1,91,87,82.83820830304577
3,62,100,83.13993187955349
9,87,64,98.51235892843104
5,62,75,83.2419446736075
5,88,80,92.70460483113217
3,70,65,67.27532584007822
6,71,97,104.11735262603631
2,94,90,87.72205029485298
9,71,72,110.01031841278716
1,75,78,67.82809223796971
4,90,81,82.92661632632368
3,87,92,81.2915087314916
7,71,61,85.13940473245795
2,84,69,56.34566534610738
4,94,98,90.78580813775122
3,82,77,86.11537978590881
6,60,62,75.81038441955256
6,65,75,97.50063571150403
1,61,61,57.72730257937481
4,88,60,70.46591948551858
3,60,88,75.78546611890867
5,88,64,81.61431577134891
8,92,71,104.51985894495918
1,61,88,67.70102166894462
2,65,85,75.4643773697412
4,100,99,93.1895007222843
3,70,97,81.79455177284416
7,60,69,91.54085695697881
6,83,78,98.27295979114243
2,97,72,72.6759056810169
4,80,71,82.76005030993595
2,75,72,70.68086811741033
7,79,99,106.24310750663393
7,61,91,98.48676122564108
8,84,97,114.26712855320653
4,95,79,86.64975923437274
6,96,61,82.29486301160347
5,63,91,98.64833479550236
4,70,92,93.25107139789094
5,65,91,92.50046418390413
5,78,80,100.32967943429851
7,97,97,124.582887630813
6,100,72,93.19669404582908
9,66,80,95.44962401889286
3,90,78,83.14635799914241
8,83,74,103.82252873012274
8,68,64,91.0189061389916
7,95,79,105.67057108061145
8,100,77,101.54712977931116
5,77,69,83.84362638586805
3,89,92,93.0283672121505
4,86,98,97.53596247472417
4,80,87,91.56920528094047
4,61,62,72.49222739097524
6,87,92,101.6183774778004
4,83,85,91.41420494937663
4,95,95,90.76960318562229
7,93,90,108.11001601980448
3,100,65,79.60821896097174
9,64,96,116.50680840774379
6,76,86,101.60147066759876
3,81,84,80.98285316786911
9,92,82,118.84635682556126
9,78,62,105.8182520556676
1,79,95,77.12401335679974
8,60,83,107.16247988309345
5,64,69,72.83644768866816
3,66,95,73.305066839156
4,66,79,74.62888601819422
6,61,82,92.68948788252133
3,83,90,86.34430672235393
9,72,74,104.68582862113551
6,69,87,101.80818673535708
3,74,76,76.26441757098576
4,73,65,73.0859034205564
3,100,76,79.56560233166229
4,67,98,86.68458569638528
7,63,85,86.35107793163853
8,84,93,110.21242215357864
1,81,86,67.8654689154119
3,99,84,82.25875321406028
8,87,67,97.57997620401076
3,61,81,72.39038336052958
7,70,61,94.35525517271704
4,73,65,75.58720746896346
1,81,69,48.55446696971904
3,81,82,78.64978279093938
2,86,90,88.88525992979557
2,76,89,81.45700269011807
7,93,98,104.09076856183488
8,68,83,104.14749933216025
2,80,68,69.0050656996456
1,74,80,67.66121851808897
7,68,75,100.30538368945143
3,79,76,80.55433221764885
1,94,78,65.4869322431421
6,81,66,88.40321472740722
8,79,84,103.6649794930292
8,68,70,100.35641610388373
5,94,87,103.9790431568376
7,85,90,106.66689810719748
6,88,87,97.75398703648072
8,67,91,105.18453755848218
2,88,64,72.30385741174264
8,87,62,94.47113347365053
4,93,87,86.87722745264195
1,62,83,66.25997867160011
5,92,65,82.61834666120932
8,74,71,95.47782779845751
4,83,67,81.56791690260057
6,80,79,93.45168430657544
7,70,90,111.07752301428573
2,97,65,66.87753619255588
4,74,96,92.6982217725457
4,73,82,86.77230387005908
4,76,72,79.57615217293507
2,96,88,76.97455948421246
2,69,71,60.955297313320656
1,60,61,44.882255891131216
4,61,89,80.43917140543405
7,96,69,99.43260907895977
9,65,98,109.21211200091817
3,78,100,92.90536330614661
4,82,78,85.14308117802965
2,63,96,80.86392967774901
3,98,73,89.17809249477472
7,100,98,114.63006733368752
9,62,72,103.0719405615453
8,66,75,94.74433224730878
5,63,69,73.49887896349146
3,96,79,81.8205451378284
4,70,63,82.00695982549985
1,66,95,78.70102590795298
6,60,64,83.69566931473311
6,85,70,92.69725842575622
3,95,92,88.42722150821399
3,78,78,72.55523507296886
8,81,83,109.5098146947051
3,95,85,77.27498431606767
1,89,90,77.41389931112894
3,98,93,94.36024049036013
6,76,81,98.1559977546464
4,70,73,81.79041343334822
2,78,76,70.51957892991264
8,81,95,106.27032914010242
9,100,100,132.02579337681797
2,62,93,73.48236829486183
9,78,83,104.26985638059143
8,79,71,100.96214179078984
9,71,99,117.90714203190025
4,71,70,72.2883715545192
9,96,61,109.21749175018014
2,79,62,61.4686153754678
3,76,71,67.55148167681983
1,63,75,66.75761411802002
1,76,80,55.733396577193545
4,65,83,81.15162567961332
6,89,68,89.58835867711888
9,63,86,104.28393340283736
5,61,77,86.47601213525911
9,99,60,101.37002752004479
9,78,61,104.4897754334909
3,68,91,79.89903337719859
6,66,91,89.49062543713204
3,86,85,81.7266979744205
9,69,83,105.92539424318379
8,73,81,112.07259480902408
5,76,93,104.85512902666603
4,99,66,82.20690054765787
3,91,73,75.25354222332442
1,94,68,60.30775975806594
8,74,76,95.18037888804876
1,96,92,77.02952201543565
5,72,82,83.24598040668137
3,63,71,68.2608201211153
4,72,94,84.19374633212757
9,72,91,106.47686408678261
7,89,65,99.56718746814654
7,74,62,83.12825415293041
4,60,73,71.29528856115546
5,84,88,101.60294472022795
4,63,62,65.70452077399756
5,93,81,81.89771903843655
1,87,78,66.77213124789603
2,84,91,83.46957947059336
2,65,97,80.21294480355799
3,91,71,77.9875041685245
6,82,72,93.09408325775718
3,94,86,81.01105365305155
5,85,77,90.1089660590612
5,98,88,95.80520043928296
4,88,78,88.10620659078026
9,76,83,109.28217159423923
5,78,68,84.28329103142507
3,90,68,75.53110545787021
5,69,75,85.63124795945397
9,64,77,103.82511637639249
3,75,79,81.60541870425568
2,95,98,86.57156202071344
9,96,64,114.3505914050055
4,88,77,92.77297948091449
9,82,75,113.4536343596794
1,90,89,67.76634537243363
9,75,93,125.36089525927855
4,98,89,96.64977821614954
7,68,63,91.27126852611826
8,77,86,107.3151851841839
8,73,74,100.21512471613536
9,64,68,89.44927109807685
8,100,60,97.58437927963942
8,83,98,113.89434022718132
4,63,98,86.6614327213845
6,77,74,88.99111359437251
3,81,90,81.12910898361055
9,90,74,115.62332207684648
8,66,88,108.31476117667746
4,99,78,87.53945624129102
9,80,79,108.08979195407548
4,85,68,80.50449839068733
6,98,73,102.78552124832025
9,91,76,117.97880701093227
5,78,99,94.43006546277229
2,94,95,93.38739663093689
7,86,78,99.48349983866532
5,76,90,88.71701485918683
7,98,93,112.67013783411417
2,88,100,82.07592238007899
7,81,88,111.69260772096113
8,73,90,104.58951370669685
6,94,60,87.71975379428464
3,76,73,74.20650301694792
9,60,78,100.39685840424649
1,89,91,87.23322837257172
1,86,74,60.053346205743445
4,97,97,103.55411799264564
4,64,71,81.72247372401294
2,95,93,86.79942529017565
2,73,97,80.56827720065645
9,76,61,98.60840348169
8,99,63,97.68345280312082
5,85,90,87.91814534236434
5,60,70,75.78117959395429
7,87,84,97.21659127942374
4,79,93,83.49892356247263
1,68,68,61.39467131879957
1,87,63,58.75411655871358
7,84,68,100.0552131875663
3,92,88,87.17183103092405
5,91,99,108.3766242265372
3,73,66,74.12309342635147
4,87,83,93.51241509883228
3,90,87,86.55835357492278
2,68,96,82.12922734480686
2,74,91,70.01488288270036
3,63,60,59.80171484884685
1,93,93,78.51379827222483
8,83,66,98.84602180656789
8,65,62,80.89581221998566
4,91,87,86.12684331978247
2,62,90,75.14848117819218
4,84,84,80.07598694857914
4,93,79,88.51698276359568
5,91,68,85.82823980170895
7,86,98,104.22584922252206
4,84,99,96.18481366485152
4,66,97,93.24321653608959
4,71,68,74.84959256710106
5,67,79,85.17494569920689
7,62,63,91.33633447666045
1,63,63,48.08636853829229
9,64,86,104.61449349086118
9,85,97,119.60985010157374
9,83,100,113.54589863711973
8,79,86,100.68471963673129
8,65,84,97.27555011209931
3,74,91,72.38825400522025
6,66,66,79.63753637920476
3,86,100,86.12692251373069
9,92,64,102.20155227801305
6,79,62,78.49451463289132
5,73,92,82.06297079548376
4,98,60,77.97304796875763
4,73,86,79.16103665770828
9,97,71,110.20957575080634
8,98,84,115.22749150194966
3,61,64,72.37155738193484
9,74,86,123.21175989362307
1,86,78,67.88481502634819
6,84,71,98.15435095387619
3,75,88,79.14142636547341
6,91,66,89.74985536095963
5,86,62,79.95092589000797
8,100,64,102.03169617186494
6,83,95,103.66303127927138
7,95,73,102.03552319809062
2,92,66,69.85283389554637
4,68,89,79.41618681565178
7,93,83,105.97374524919198
5,80,96,104.24188854986375
2,78,87,70.44599419362872
3,100,84,84.02882671618282
9,82,72,101.19248625721004
3,97,69,76.82318154722525
5,62,82,80.50427694078307
8,91,96,110.53880107371707
7,87,66,96.80114886164108
8,93,85,115.74048085104873
7,77,80,98.49910294125878
4,67,90,81.08216692312565
7,78,76,93.86316641436963
2,95,93,87.09337481572145
7,91,99,103.00261949309265
9,67,63,97.34641620403116
9,63,99,105.00801054378292
9,80,86,110.10015119848327
1,93,87,75.60793254827456
2,63,93,79.69905693447598
9,77,94,122.22357877252878
5,86,69,85.95598184764442
3,72,93,88.56156639217562
3,94,94,88.50300599492951
4,63,83,78.09948936787325
9,95,84,113.34827355231145
4,69,79,81.34936841969865
2,82,88,75.81802544435202
8,77,75,98.3708449556437
4,66,80,79.60291144398482
7,70,76,91.10911651885802
2,62,93,73.13437695855063
1,60,91,77.53249743015998
3,68,94,82.15275828676309
1,74,77,64.9780271236978
8,71,94,105.94199653944847
1,83,60,63.4196792286014
1,93,75,74.01716880580788
2,98,81,75.03778758806052
7,99,63,104.7662701587924
5,66,87,90.59912000001876
6,71,70,87.61059775821857
1,80,100,76.22992826690033
8,83,78,106.1837722975157
7,82,98,111.19457783971353
3,85,81,83.46447708851002
3,94,86,93.64093065723219
5,79,65,79.41145623669792
2,92,63,70.15109707517496
6,65,77,92.93810379350634
1,86,86,71.15764407603194
7,73,91,98.3789019486461
9,95,85,125.62616382001346
8,87,98,123.93176493083473
5,78,99,95.0260431507965
2,78,61,72.73759415741195
6,87,86,97.0888987252904
4,77,83,85.7930046042661
4,98,86,95.16452852342798
2,83,73,73.0532809602443
9,86,69,108.84119620659577
2,65,69,64.41902791956382
6,65,95,97.01486093299434
6,93,60,83.95625913781309
1,64,67,60.93468638965541
2,93,94,83.6186476796512
8,68,74,101.50842570072324
8,85,94,119.79334264669639
9,89,82,99.87665411446949
5,66,65,83.86779223009249
3,65,97,85.10100209046506
6,73,64,90.16303320447552
6,71,66,92.012848956738
5,89,86,83.87039373687216
3,76,83,84.86484767061812
5,71,75,84.50996713882542
7,95,88,108.2843288660098
4,62,60,64.55053843207887
7,85,92,100.34275803035084
2,79,83,78.9177685663493
9,71,87,106.02195467361163
7,88,83,104.76039903074965
2,93,63,64.22987856857854
6,84,75,95.5804434968283
1,86,91,81.01671426457638
3,80,85,86.39408301614452
2,60,65,47.43575553914323
4,73,83,88.38209438029862
9,86,90,124.47115846291943
5,70,74,80.01993558632648
7,66,65,79.76732935995742
2,80,96,85.44152650003203
3,63,91,75.87930121405533
4,73,73,81.12574466198497
4,69,78,81.67962065470651
8,62,64,93.18994130996509
8,88,70,96.84021102377552
2,80,75,72.14080162964942
6,99,63,88.35201665861813
6,72,86,93.95768612972479
6,62,77,93.4474145865753
3,65,76,71.74432128162631
4,73,76,81.15815847202731
1,91,99,79.08956818155352
1,78,60,58.16099115402939
6,87,88,102.71215387029874
9,81,84,116.11111164436592
7,66,68,96.04497542954687
7,94,64,95.71377231093615
5,100,97,100.25110847476739
6,72,70,81.02264422800984
5,89,85,90.24633020897657
5,95,77,93.10548595214064
3,85,68,75.60159104088676
9,98,72,108.78871502126559
7,62,84,89.78182030198113
8,60,92,104.48938217705376
9,82,85,121.65971262833243
4,79,92,96.14439307068784
4,80,96,99.62950404404631
4,89,73,80.93946737640324
1,97,80,85.0026065120057
2,77,61,64.90535830620699
5,72,74,93.18040038147248
1,82,83,73.26965258352655
9,84,89,107.52125098896765
8,86,69,97.29922635796086
4,93,67,83.85612287424584
9,88,100,122.57694301270423
4,98,70,83.18438195856231
4,81,88,81.54859244386272
8,96,92,115.71361866138717
8,100,85,105.99733967251002
8,94,66,92.88751680881606
5,84,68,81.5841394149208
7,91,63,96.65476390424433
3,65,89,81.87125950746389
2,77,70,61.54270317798851
3,65,83,77.96253738186256
1,66,88,72.77459271327541
7,85,66,86.9786577280691
7,69,89,92.25148994476679
5,78,82,92.54254102506628
4,77,74,84.22826621847754
6,60,78,90.81038150467955
5,80,97,90.33304139716061
2,63,93,69.76917219956432
6,100,78,99.48968312404827
4,75,61,76.87547477891229
4,82,65,73.01988875272232
2,79,93,76.44185873943738
1,89,77,74.1740661730888
6,60,95,98.895055528725
3,83,98,84.58423635481057
8,81,67,101.63916125019495
4,74,80,89.15898089620094
8,78,76,104.56128712672493
1,96,94,91.06010842276496
5,71,81,89.75047001613108
4,100,97,100.74458689119702
6,72,68,86.5677303532934
1,63,97,71.86017092742449
2,96,69,75.92694283380807
8,77,92,111.2674222991263
1,69,80,64.46554307512199
6,75,72,94.04889787341382
1,70,79,56.99868520715426
2,66,74,69.81238381373689
9,97,72,114.56380270954844
2,84,86,79.27923321120392
8,96,62,98.33257979662237
5,70,97,95.62998861318408
4,87,88,86.8490340051656
4,68,78,75.04207835146237
1,72,93,74.53336620117496
5,63,84,90.20726211688381
7,76,100,103.72260358785869
7,86,87,109.46129467078403
7,90,89,116.42775457846825
9,90,83,116.39506754590782
4,94,96,97.71065616786056
6,93,60,79.08601234695722
8,95,98,112.61781275061925
1,81,77,63.987568748656095
9,71,89,110.38343519882018
2,78,60,56.094428162115356
3,69,62,67.22759028254356
4,69,95,90.86459122339335
6,66,84,89.68677747730827
2,79,87,84.68794148923283
7,87,94,99.04195052079983
2,83,78,72.02616655372273
1,92,100,85.76102362631035
3,96,94,101.01020064504144
1,88,86,76.036565297231
7,67,78,89.96347978252312
8,93,91,104.94130007782552
6,99,86,104.25255522060789
7,63,72,87.50870091460033
1,67,61,57.96463210693724
5,70,65,85.93204659942401
8,85,85,104.81043093322965
1,78,83,65.39955799943002
1,87,68,61.25303869574895
8,91,75,111.17405294798422
6,60,93,90.65205814453593
1,96,62,67.62345437296275
2,91,61,69.61966116081659
1,81,65,57.13296532395403
8,67,74,96.40260163104817
8,82,63,89.32914931823812
3,71,88,82.50001346188668
8,78,99,111.32695475018065
9,80,82,110.53982267655776
6,75,62,81.2869675755477
9,80,77,95.78246088077178
3,90,91,88.90326580920633
5,86,78,89.70716600773756
1,95,76,68.06034052220791
1,64,60,55.50747360231584
2,82,77,67.88114624588965
7,94,100,124.36780636858883
6,71,99,99.68847252379945
3,64,82,82.61998331829787
1,84,87,70.49992086354631
2,62,84,72.07310212552753
8,60,92,99.47976472678738
4,99,96,101.33135767260762
2,93,99,83.69279524522794
2,78,73,66.68384361927593
5,81,95,99.51687251888885
2,91,67,75.21874389329842
8,68,63,88.63422094131973
4,60,100,87.02749163530036
3,91,94,94.26623301767843
9,80,97,114.63516030496086
6,72,94,102.65081955375626
3,74,83,68.50258066390583
5,73,65,82.9499241205965
4,86,93,89.85498367023878
3,73,98,90.59049993925082
3,95,78,90.93108339153133
7,79,94,108.38131013876331
8,82,86,112.06265688877107
8,80,64,88.30345881121521
1,79,92,72.04631703799504
1,83,63,65.50945624569782
8,77,62,90.11921785090396
1,86,83,71.31760165024455
2,77,70,56.664426804008315
8,76,88,109.31955249647575
8,65,68,98.90698603411265
4,66,88,74.68606735663998
9,77,99,113.93155487842206
6,89,95,94.06406944838704
5,83,79,85.4139162150323
2,87,100,81.94600978400946
1,89,96,82.57935669725038
4,98,98,102.95244470783364
6,92,87,98.6007856884493
2,66,93,74.93910540629835
2,99,70,76.47348666020724
3,78,80,87.59476058356987
6,72,68,88.06843088008014
9,88,68,98.4576217515863
2,94,82,76.37016270595997
9,98,74,116.66631082969609
8,68,63,89.16604374651153
7,71,75,90.26004655600484
8,64,66,91.46606881273051
6,70,94,91.65436813672953
6,88,61,92.71277006303032
6,86,84,100.54652518403655
6,64,65,89.09968765414786
6,75,67,72.77994166929254
3,73,93,91.21818278183375
9,81,91,109.50856538139259
6,61,83,91.15554612046519
1,79,65,58.45698652496278
9,65,88,108.13578557085907
3,77,76,73.68212494773468
7,88,70,96.86751630389165
7,78,93,111.51153166217088
2,61,85,73.29953447573435
8,83,70,96.21271768861487
1,77,97,69.85446657591802
9,75,67,107.48774327626386
3,92,64,81.0933648262679
5,67,76,80.17332034295755
7,91,97,114.65627931930146
6,83,73,89.86234901128417
1,74,85,61.35344913001341
1,60,79,61.17876001911907
2,99,73,73.5283282950854
8,69,64,84.58586989116758
4,82,89,90.79398049361681
8,86,73,104.47698308070665
5,75,92,97.27353631313163
9,76,63,106.11324107045274
9,77,95,112.98732293773904
8,62,68,85.36086333026851
4,89,84,88.49951160007252
2,79,60,65.58303228901373
8,99,100,121.76447636005065
8,73,94,115.55280391665563
8,76,97,117.79944545664574
1,88,92,85.96594099113855
5,88,95,97.7006526288159
5,71,80,87.34458756189063
4,78,91,98.3954446550568
3,79,84,86.19383926376902
5,87,85,102.17488769552769
3,77,78,85.13144594550646
6,75,62,86.52355594939961
3,83,70,67.14824737160835
3,95,69,81.00905523599377
9,84,92,114.0433586128884
8,68,98,115.02528268945724
3,100,64,80.94292021855723
2,69,60,66.55793367867314
6,82,71,81.0624804339904
4,80,100,106.3111774924538
8,87,84,98.33488093766903
8,87,67,107.03264472217862
5,85,82,91.98779567881294
1,79,91,71.47065254292893
3,91,88,75.09930023224072
7,74,78,105.09993323467967
6,60,93,92.62544679177199
7,94,99,109.45990807341973
8,79,71,91.15159731892292
4,70,77,82.0810811124947
3,97,66,77.95236150525777
8,69,73,99.75820734569069
6,73,77,88.59971100915571
2,72,82,67.06485147007001
2,61,92,71.02907093856022
4,85,82,95.64995908334556
2,85,98,77.74329279620854
7,95,90,112.91818591145372
8,98,86,120.99909063291683
1,98,80,80.70536210431497
4,80,85,85.32410424623122
8,74,86,100.38837948602752
6,79,91,101.25819028326968
2,63,84,76.52556160641323
3,77,94,91.27512433996915
2,97,94,81.45478014933413
7,66,90,96.30234229279618
6,65,86,95.00342074485525
9,81,95,112.94496450477375
5,91,87,99.63983870915399
7,94,78,88.69675730920483
3,66,99,83.3853120687539
2,70,94,76.96316739741704
7,78,66,99.23854544073131
1,64,86,69.95027313486806
7,70,95,112.06357979819093
6,100,89,99.65358302683907
3,76,74,78.94990174133477
1,83,82,75.75741221651722
4,80,72,82.61734323259218
2,66,75,61.46312508266449
2,94,68,71.26160779663587
3,85,92,80.94474969116615
6,76,98,101.12749196291551
2,71,69,69.25533540679461
5,71,77,81.64183670894093
8,67,93,104.99253488308798
8,77,64,99.10135801332333
5,68,97,100.72242526809598
2,93,100,84.31936751925211
2,63,77,74.52245602061026
5,86,90,98.11814192316388
8,64,98,99.71088180284147
1,61,89,66.00992670875146
2,90,68,70.35697378214454
2,80,64,64.20099354155768
5,99,83,90.40606361799958
9,92,84,121.29988886533212
4,96,76,88.68363122993374
4,72,60,70.8188489568696
8,62,89,104.4900982837002
7,78,95,104.06057264176847
5,75,92,92.73928713637773
2,63,89,76.07115101765278
2,86,92,71.36657738296822
1,82,60,57.16284821005802
1,98,82,58.95955899557886
7,87,76,96.94861600652052
3,66,80,71.14377066398946
6,84,64,82.43673465474751
1,74,87,68.53763528004386
2,96,66,68.11269445987249
5,70,89,79.98076859042784
1,75,76,61.07798073935929
9,65,67,90.69754364658206
8,82,77,108.10850111556748
4,76,97,91.55949663478725
5,90,73,87.50304687694243
8,71,65,96.9980365114258
1,95,97,82.28399429096984
5,98,72,83.22017860646676
1,67,95,81.78931968331565
8,86,77,101.70060846595149
4,61,95,89.93874248838333
9,87,86,116.56585275595197
5,78,95,92.29918477825078
5,63,93,94.46709293384939
3,65,79,78.67441817547244
8,98,93,112.19459368668672
2,87,84,83.93394192330194
8,75,81,101.72257128813736
8,73,61,97.42371050165599
8,96,69,107.09552738478541
5,69,96,90.96320226616777
4,82,96,94.79323865387676
9,84,74,110.21216351015637
7,64,67,88.84893168861325
8,72,87,103.36075851023844
2,99,100,94.23051986792505
2,73,95,79.39024971908042
5,65,64,79.49847891833419
6,96,64,104.27782229985834
9,95,90,119.91376957837414
6,100,89,107.02802710362903
1,84,82,69.34109110172207
7,76,71,93.91690082769158
9,100,69,116.93599246153653
9,71,93,111.75807944465487
7,64,63,91.13424350996439
7,86,76,107.55673526638463
5,96,98,111.54745960026659
8,98,95,116.24367830443141
2,62,73,63.06473371249826
5,74,81,88.3392024105679
2,91,62,67.31318048828837
5,64,62,78.92681157704543
7,84,91,101.06107426756103
9,61,81,98.9278641202813
8,79,97,103.80479094880621
7,93,79,98.97617854515902
4,78,92,91.96611050473334
5,97,98,89.98724182729177
4,68,69,70.66137779949968
6,68,78,81.84685513784444
3,93,88,88.32823145399243
1,89,91,82.01793833574362
8,89,62,93.78928285533425
1,85,91,82.24352581717078
4,63,95,79.07062007948724
5,85,85,97.52094626856206
9,86,76,107.18911666194504
2,65,68,66.60447049762416
5,70,60,82.41362103889148
8,72,75,101.28905891867615
8,71,74,97.71671815762294
5,94,81,90.52048333476493
1,86,63,65.98840697226552
6,63,96,94.9243950066796
2,93,60,65.10608586158587
6,97,68,90.56814796779553
5,92,93,96.14020250589842
9,92,85,121.18366303047607
3,80,94,94.81305842927178
8,95,83,114.30125818885688
3,82,73,80.59961925698886
5,87,88,90.27794935755284
3,95,93,82.86811855009503
6,72,61,80.15453645418904
8,80,96,111.00780942034952
4,73,89,87.85456589384039
4,72,93,82.8026073507894
2,87,80,79.2391078340076
8,97,82,104.79695090675959
6,64,82,81.841928253676
2,81,78,78.92713733117967
5,93,84,97.66374343321948
9,90,74,110.9274572986111
1,60,77,53.454763470852534
7,70,99,100.5205298716689
6,83,90,98.76737251307307
5,82,87,99.59195432703119
4,83,100,92.60235740662519
6,96,78,103.12302021371522
7,95,79,100.11105044681752
3,82,68,62.35373376013641
4,65,74,83.66408603151712
5,91,69,81.4614404558869
8,91,100,120.25815741603482
3,82,96,88.83663211245147
1,75,68,65.55989270055609
3,79,85,77.25391768885896
6,94,82,95.81397762191803
6,67,92,92.65113434352762
2,86,87,89.0572684881936
5,86,64,77.11024753136645
5,87,100,101.04986673085432
9,89,83,117.68679613053595
8,66,73,80.20027041599674
1,87,63,72.38888670349867
8,89,76,101.2078433720459
5,70,62,71.49009278970858
9,83,100,115.81085053996952
6,100,67,92.75231290307588
8,72,78,95.64284711095527
6,86,83,103.99131558662387
3,100,86,89.28149394157387
2,95,72,63.539652559098165
7,79,86,104.5574034821785
3,98,64,76.93791236508625
9,63,96,108.55085934750349
5,63,93,99.46757260119846
1,65,71,57.30793584035183
5,83,91,86.66382456195778
3,76,77,78.77800323730003
4,97,75,83.92162761850378
7,64,88,94.51475209489465
5,68,71,82.32339441140722
9,79,89,114.77147314519752
7,89,62,98.42051035612229
2,91,75,84.24202226091043
2,94,100,91.48315474654872
4,85,66,84.4290060733575
9,61,93,106.68008033320932
7,70,99,110.08476527831604
6,69,61,80.35162301475206
6,73,71,94.28037584051773
9,89,78,107.42849268665688
7,89,92,107.69048826787716
4,60,90,83.16496176977029
1,88,84,73.33972956122975
5,86,72,96.04578397067924
3,79,65,74.06589750253298
8,68,76,100.81141263848872
5,76,88,87.29985790059472
8,97,91,124.88919674190666
3,92,88,75.31911910119643
7,96,71,105.70949419951643
1,67,72,59.41786755442367
2,80,99,81.96961797534162
6,67,68,83.38334965042363
9,91,90,107.82921924841409
4,61,81,83.3760555015559
6,78,64,94.03572714690995
7,72,82,96.46261752682759
7,74,82,102.29575668128315
5,78,86,86.32217198820491
5,75,68,82.8739212972547
1,89,92,78.67194904588561
4,79,65,81.72236707469482
2,95,73,70.2012651626495
8,87,97,112.43049628444888
1,70,78,69.90049645330804
4,68,73,65.61650166485195
8,99,92,113.10884173636602
5,68,91,90.18412408602556
5,85,84,95.41531061470317
3,99,63,79.19289122714275
2,88,70,73.16894542739853
4,97,90,94.61385732422478
2,92,77,67.3172727027684
3,86,67,71.50186973495543
9,82,88,118.85559442723412
9,92,62,101.50032715831162
7,62,74,83.16442384147538
9,93,81,120.19299752812357
3,60,76,74.59176298947155
2,71,77,66.94124152497825
6,92,70,94.36322173217019
7,74,92,103.81169954665725
2,98,74,69.61128414618145
8,88,83,114.98831743239249
3,95,90,87.99623385522266
5,91,67,93.32744925952443
8,71,71,92.77073390270684
3,80,92,79.21668959795592
8,75,98,113.93700026551875
6,66,86,91.76215121349757
6,80,90,86.19273125840604
6,64,83,93.79656716508212
5,68,96,89.3070994947973
5,76,66,83.93008151849821
5,62,69,77.11553311051429
1,67,84,72.08017964319824
3,89,67,74.9701505337741
4,87,80,82.69426092770699
6,95,93,98.9441218890813
1,72,99,82.43162361991857
9,93,91,115.82672194572385
6,79,87,91.60475472050804
2,82,87,78.58674775840544
8,62,96,102.43329248236401
7,96,83,108.71538820709794
7,90,89,112.61392799223114
9,62,70,97.40014601986371
2,94,84,73.82291605391667
1,65,100,71.48926033675318
1,72,67,62.31310039153876
4,62,99,81.12189326686543
2,95,91,85.11850796252436
4,71,77,78.5191157334153
3,79,61,77.01764911356703
8,92,63,102.33639851113416
5,74,98,102.78252862220366
4,82,100,96.5871005509581
3,88,64,76.57565022479706
2,68,61,74.96587484481357
8,94,92,119.38601284450311
1,70,81,66.47402163668028
8,99,76,104.78544318247012
4,98,82,88.97340647916936
9,70,70,102.35918963824705
5,95,67,87.85946583364925
2,85,62,61.99410799605271
8,60,88,109.9618746268199
2,90,82,87.78176531098525
3,66,92,85.62206609794637
8,61,64,89.53048567988156
5,85,66,76.85458276838943
4,85,72,74.9874423727127
8,78,97,113.12029609499237
6,64,98,99.10944805254242
3,63,80,71.52331816135364
7,67,72,96.37028636625199
9,96,99,119.98849048125703
6,84,85,93.26098228955773
1,99,72,67.75234027700479
3,94,76,88.79510015845891
1,100,67,61.610398622721334
7,87,70,100.27658907381215
5,79,84,87.42783623733546
2,69,95,71.15685279235957
8,61,66,88.5502705481759
8,96,89,118.63901721555746
7,87,66,92.58097976250947
9,63,81,108.61655137305925
7,67,85,89.49660421238886
8,82,75,97.22152647910005
9,92,66,101.44488720067399
4,63,77,73.49878479265558
7,87,81,108.86688483003147
3,98,61,66.00309681788708
3,68,70,57.427360664652326
4,82,85,83.7711563877861
9,79,94,115.83825585085933
7,67,89,108.05589893106941
7,82,95,115.3627673717869
1,64,93,70.76425037972018
5,62,67,80.35640354149119
5,79,84,93.58662452093633
7,99,65,97.47333304569959
7,93,87,109.30169064412806
4,100,70,82.31901040412207
2,80,61,66.86879350507162
5,76,79,85.2123919581855
8,85,61,90.5094758924916
6,97,87,106.8777882555401
7,96,72,98.42353505703885
3,90,89,88.03547752512115
3,72,74,72.8763810357289
1,96,73,80.99052223626752
9,85,79,103.43040437428317
2,62,79,68.4287102400148
2,74,92,75.722344421619
3,97,81,76.88841550306297
9,84,88,116.85252268670583
8,97,91,117.96613079755096
6,74,84,92.89503113619642
1,92,74,72.52517786391668
1,90,74,68.32427140026027
5,98,100,99.70756295998387
9,76,95,111.81158805908208
9,78,85,110.09785588394709
6,84,78,94.59823994758528
4,81,81,85.6283537501538
4,91,98,98.42038455975796
9,77,100,119.98683597379551
7,87,71,98.28088463092213
4,79,70,70.8798434134562
4,96,60,83.8805603386698
7,69,91,102.4124425407836
4,89,98,91.7179888570845
7,82,69,86.16925065584088
1,77,62,57.67167918410016
7,90,89,96.95337422809938
2,67,91,71.91429074868802
4,77,94,88.46722039884872
3,78,76,74.37642818073644
7,89,63,99.68636512384845
5,63,85,85.65092169803238
8,94,60,92.25178602715887
1,100,98,85.60382340507218
1,89,76,65.52885489841258
7,65,87,96.98233799035141
8,76,73,100.4587279090096
2,83,73,60.7538270339024
1,94,73,66.45601586786972
3,90,69,74.89646357846695
5,61,96,85.91996402646113
5,79,63,78.47076216994114
7,75,79,95.26741488531812
3,72,61,68.8578881106528
4,78,90,94.73336114637144
1,73,100,79.86471215310738
5,79,65,76.42363681439986
5,90,85,87.95248605540758
3,77,79,76.60557401242133
3,68,92,70.87246297186103
3,86,95,91.4074788515832
1,85,95,81.2842238647577
2,67,87,72.3952932043916
2,74,94,80.23946436584241
4,90,68,72.04617887005017
2,74,73,72.40396693445922
6,75,86,86.38044774592268
4,68,60,72.75000683740959
5,77,90,90.68887670134367
2,73,91,72.26354774771457
1,92,79,68.94695330635976
5,67,86,88.85125796105046
6,98,81,92.51428857246535
1,83,61,65.18360449226127
2,60,83,67.66506855537733
8,65,63,88.037900755707
6,100,63,90.82006798005928
5,79,100,100.09498419258942
5,93,88,102.7293413378989
9,89,93,112.2008540928541
5,100,68,89.93261726697645
4,81,68,74.11055421635407
2,76,91,82.79420391564204
5,82,91,92.71827658766959
2,63,61,51.06495379557705
5,97,80,96.13076814920784
8,96,87,111.65884618757192
8,76,75,98.81422505007139
5,84,97,97.4385273349344
8,80,99,101.18424265331338
3,76,83,77.86667540867644
5,73,76,80.26419837963208
3,62,68,63.56574758595588
8,61,97,108.84550223263479
5,64,92,90.46645747117758
4,97,75,88.67691891432492
5,88,71,90.47743711114718
4,72,71,75.9053211975171
2,94,68,67.19663393938811
1,85,73,72.2106942563606
8,88,98,119.01249635502393
7,94,85,97.56493125138243
6,76,62,83.42830128543552
2,77,94,84.28724056983792
1,84,96,76.14884854380051
3,85,100,94.66776561085565
1,92,80,71.94745993392694
8,87,85,110.35304275301398
7,72,99,106.79014820588775
4,89,91,102.89595353587126
5,67,62,74.45980902623013
7,87,70,91.6839422164644
8,85,62,90.81707985777965
1,97,69,63.21986857053496
6,93,85,103.80111209282725
3,84,93,91.58714500338122
1,79,76,64.86451043664078
3,63,92,79.43619363237505
4,61,94,86.2293196569358
5,85,93,103.2971545891135
1,81,82,72.32373654030167
5,87,71,83.73568992083372
1,99,92,84.00984854833769
3,66,87,77.80467907153091
6,61,87,91.14724516271885
9,71,88,107.00363213932197
7,67,77,98.72540998647825
5,63,97,98.21121533496775
5,95,72,86.28635078446612
6,79,60,87.09543785845777
6,68,76,89.66600675229459
1,75,86,76.01558182363124
1,74,78,69.52182750935809
6,94,70,86.6815733049242
4,100,91,98.92098885365395
8,60,90,103.05074630094356
4,66,85,81.96956058180959
2,62,96,73.61040062480592
4,85,91,86.23017563018317
4,98,69,92.64750788096173
8,94,71,95.36076131080499
8,88,69,94.6058663056665
5,89,64,84.08824562291625
1,84,98,98.91952907225216
2,98,92,76.39924271946775
7,92,67,101.78748974974775
3,82,84,78.59586619128623
9,77,94,115.92575902561529
5,80,60,78.83988882988457
8,95,77,106.30340556050777
3,97,91,83.21208703206771
3,74,71,69.96192398059708
5,91,80,96.56294515814054
1,86,80,76.7093339611933
8,85,75,111.13921275926884
5,74,63,79.6524267999547
2,91,99,91.27543802268201
4,91,77,82.38902576370808
6,94,92,102.81771395604693
1,80,75,59.081932964194266
3,85,72,76.69054759366577
1,100,87,77.93772919324962
7,74,80,104.79732748503669
4,78,98,87.98740152018712
4,97,77,89.38928661726395
3,76,84,85.31444001543757
5,93,62,90.73364938716337
7,68,83,96.55823725875095
3,61,100,90.63425123919563
4,87,69,74.16373847519166
8,79,97,110.80043066401153
7,68,67,87.1405859811866
9,100,60,102.6636687561189
7,99,96,107.64016794133994
4,63,97,86.85802573656383
3,94,85,83.21272678723685
2,73,83,69.25051168722888
3,68,85,70.18438987903178
9,85,68,102.55083168860207
1,95,84,68.11708997967578
1,86,83,77.77091954996705
2,93,83,77.70960297050047
9,80,65,102.65745537277185
2,71,92,79.9818639203273
3,75,80,78.42004488750023
1,62,61,54.872867274956775
5,93,62,84.77216699696119
6,84,81,101.32446837973065
8,85,94,105.4527770039464
7,75,73,87.21179285877223
1,70,88,77.41077429372767
6,73,75,94.63327947915279
6,87,98,100.35788900531135
4,97,74,90.26657259145702
9,91,81,111.39593707146555
6,76,88,87.35726801441658
9,83,76,104.93243744073497
2,90,100,88.6515723726584
9,89,72,103.44145167154603
9,97,65,108.06712579704777
8,61,89,106.70591898890729
8,73,82,105.31970641217512
2,76,85,69.84661255027896
8,73,86,98.17256675707964
6,78,66,89.49662826206499
1,76,71,65.97327431244915
6,90,64,92.69629087223619
6,83,75,87.48476139111364
6,87,78,89.9908109737647
2,88,74,61.61471639939003
9,62,76,97.74576458553011
3,60,93,80.3343817781182
2,87,66,68.61204123815781
8,78,64,98.49163192974991
8,87,83,111.67585760381228
3,74,73,77.1931177384686
5,65,71,84.98044482589877
8,64,76,98.13192350304972
8,95,64,94.73989525500792
3,98,100,93.8341102257767
7,60,81,89.92950388658132
3,76,98,86.66228124711841
4,82,69,86.24263548376318
9,72,93,118.74814999369117
6,65,66,85.10761314876056
7,82,66,89.22795926938214
5,87,100,98.26493908852862
7,99,95,122.3614513651605
2,63,60,60.27936542550766
4,66,87,90.11218609344117
5,73,65,81.13504601254414
9,76,85,110.44711162520794
4,94,77,94.52497831949428
8,87,68,104.31482954811945
1,62,75,62.44940981182934
5,66,66,78.78680324766036
4,83,64,72.40797084797278
7,77,95,111.07591480023524
4,86,94,92.76447964010201
6,62,65,65.54152331890346
3,79,91,83.12558159348687
8,64,61,90.73960442771742
7,99,64,101.46576771113793
8,88,88,107.60291367590264
7,62,60,76.58468783254767
9,61,75,96.84004215436964
1,91,73,66.3234660115173
6,65,90,90.35557990936495
4,89,70,87.96627105185001
8,86,94,108.18471756766039
2,94,92,87.91246183906
5,69,61,70.28444364961264
5,99,60,83.67013300501064
1,85,64,60.32281936216013
9,94,85,111.92986303710198
1,84,92,69.27659509681195
9,77,62,106.89476991322078
4,72,64,81.35715215700957
9,76,91,118.79579945071555
8,89,75,108.35738400585316
2,75,85,74.01622326992633
4,69,83,88.38484126774466
2,73,80,70.30336896549237
5,86,62,76.85817555478994
6,74,66,94.97430728896357
6,77,66,83.35252931201212
2,81,98,84.53830019507897
3,87,89,84.2639539947334
4,60,100,86.75042864188462
6,99,82,101.7520866632107
6,62,92,92.05913193585704
5,66,77,85.04280077844713
8,80,77,101.17050040871891
1,100,62,66.6522961818655
8,60,90,104.78649441801569
9,70,88,111.10066995931348
9,97,86,115.21234520492138
6,87,84,102.3299357630298
2,64,99,73.46318255438834
6,61,77,79.40468950497107
1,93,81,71.17893581474182
9,98,81,121.03189265717226
2,88,80,76.06289260045865
7,69,88,101.1831274239726
6,71,95,98.9353160983809
5,100,89,97.96151336865434
8,67,78,103.2650531270012
9,87,65,89.92923835137441
4,99,63,85.30643488935495
6,72,64,88.20988702274923
4,81,92,93.02187193566239
7,73,63,95.00205123655391
4,99,95,105.6253777407975
3,68,79,76.46099206479377
1,81,76,65.86839026952725
3,96,83,82.41855009951863
9,69,73,104.5287291572654
9,74,73,107.90720752785028
7,90,88,99.9918873211176
5,90,68,84.66254147144016
1,98,64,59.26189097083839
9,76,85,105.83618757438644
2,85,79,71.10297533063418
4,86,94,93.38452955379546
6,63,89,101.5074587661531
4,93,85,98.42745333831613
9,68,72,98.33802660786522
3,65,68,71.31508481610335
9,80,90,116.40438962067032
3,92,76,73.20914278459517
5,68,91,95.72430321954502
3,78,65,71.99684947442738
8,82,77,104.52489283960324
4,94,72,87.9604213994933
1,83,60,58.666181553660095
1,75,74,59.960653885107334
7,100,69,101.01817805447155
7,91,71,101.75689091854166
4,83,81,84.65498198567698
5,96,63,93.85980797431017
1,69,99,73.2839456047417
4,74,95,75.35628556852097
2,77,80,67.26744828287383
5,64,99,99.9090671711915
6,86,86,99.29381843401346
3,75,97,85.83181622920435
9,65,85,105.39789278390764
1,60,73,56.82029003469202
8,87,83,109.83765048593412
8,61,64,91.60884681570478
1,98,84,78.72545903291959
6,76,65,81.97296864769457
6,88,75,91.42538332523345
3,71,65,70.5278130664394
4,87,89,88.47523492516574
1,96,83,71.97161759196726
7,82,97,109.93236492621018
5,62,99,95.56420141646475
6,93,63,86.79645637716693
3,96,77,80.90223383349506
7,75,67,98.25102920645986
2,75,62,69.68032353240567
7,78,76,99.05677123132291
2,88,88,89.860144559983
7,90,97,108.35419088233242
2,90,60,68.38758575252191
7,79,89,102.24841011896629
3,71,70,70.24599456016733
9,67,66,102.88015291681894
8,68,77,99.62965809114837
9,79,63,97.34748961237851
3,92,87,87.60987467949005
2,75,98,90.71758363306031
8,85,65,101.8311075548156
9,88,93,126.51788555773831
3,70,87,73.4124354699866
7,93,95,111.32743639312916
4,87,66,84.61987395030184
7,79,95,103.65950984228307
3,92,98,93.04603593274223
8,80,85,109.12020218427898
8,93,79,106.71882582376178
6,77,73,81.70990506100193
3,71,96,81.60440180676926
1,60,72,63.123196119637456
8,93,78,101.85040571797957
4,95,96,98.55965531074499
5,94,77,89.48153511856178
2,81,74,64.4126134997632
4,91,72,84.1702992467569
3,77,65,72.81731640018991
1,74,74,74.13703093407065
6,78,60,89.38052402887136
3,64,77,74.08937148246179
9,78,79,104.6722638125607
7,75,100,102.74236839830195
6,80,70,89.3476631056536
7,94,80,94.5034914220155
9,93,95,120.0943434805807
8,83,78,99.25396669500927
1,82,94,72.46780114238146
4,63,66,80.17936365091515
8,71,69,93.4684178824126
2,78,72,64.96436170717432
3,88,88,85.92921287513929
9,88,91,115.90223565160116
7,91,79,101.97035680187275
2,67,92,75.97522036382286
3,88,77,80.46834043254681
3,64,88,69.895149150543
8,80,68,96.78882349604653
8,80,76,98.98540016171496
1,90,81,67.58591055849146
8,69,92,108.80799113594509
6,92,65,99.17780155586482
4,98,63,86.69144541117629
2,93,71,64.654551903561
7,68,87,113.09119668268123
7,81,63,96.0004431406076
8,82,68,96.63003984532776
5,94,77,79.16957411271201
4,66,65,71.48897186889741
2,99,81,80.39528122837585
9,77,97,120.17413871288011
8,63,78,100.11563042109333
5,62,69,85.56340189566141
3,81,70,76.78935825781319
6,97,94,104.13315773119922
3,70,81,72.43660372174304
3,61,98,77.5379329934996
1,87,62,67.57860434983186
9,93,82,116.24611742846955
8,80,95,110.78586927299054
1,91,91,81.19981499492152
7,96,91,113.40317251040135
8,85,92,116.3644961208017
8,92,84,113.04669860620061
5,60,66,74.79445351030125
7,79,77,112.83995204088538
8,96,93,117.35370628548968
1,69,82,67.25794473179084
1,85,74,65.41408175728102
2,80,69,64.64450954564232
5,60,67,72.6226254887935
2,68,66,61.64036541626647
3,94,83,90.29247094167737
9,88,78,115.81678699519664
1,67,79,56.14428871925256
1,86,74,65.8453199772643
1,74,64,54.08666595417844
9,98,99,124.8498095397212
6,82,61,78.30418154315065
9,72,67,104.85527019768136
7,88,95,107.50353313519851
5,99,83,101.91111932289378
3,73,62,68.38939465855313
6,78,96,109.53107739066299
2,89,66,74.4012644471989
7,84,75,92.23692941103627
1,85,88,76.30825943879596
8,88,81,101.30877416749904
8,74,76,99.00204782910765
4,67,82,66.54188406836388
5,68,78,83.59363243878057
1,88,83,74.58757962937807
3,72,72,66.67018264467384
6,89,66,89.33996706479512
8,62,81,98.44047654513915
5,99,76,93.28837362714606
2,70,96,71.94551153797399
6,74,62,83.10119076866324
4,69,96,95.52944785481341
4,75,93,95.58117364703182
3,64,97,90.89832135438076
5,75,83,88.34219268139749
7,75,78,91.80720982851454
2,67,93,75.75377604704879
7,77,80,102.47454562204601
3,90,95,85.52373486602183
6,80,98,105.79332419534535
6,67,77,86.0109067053145
7,85,76,93.88950834712355
6,95,69,85.1041725962193
6,96,66,101.94022127105345
5,77,80,89.85430271697761
4,88,83,82.24921926834705
8,89,96,114.42749607386152
3,63,79,72.9987609182546
1,68,61,52.850633472905
1,73,76,64.10917621160107
1,84,61,63.88227209376809
4,84,71,79.54315654356559
9,86,66,102.74230808691938
9,99,87,112.8288339310131
6,82,61,82.30621093539806
2,95,89,85.57012339669853
7,66,65,83.20813341080732
9,81,90,116.40543777866056
7,96,67,97.29700922249674
7,63,85,100.5584799271157
7,97,80,107.86731045420312
3,66,70,72.23064840478806
1,63,78,56.0453831398754
5,81,99,97.83306097152902
4,71,62,72.91916555623628
4,77,79,77.00347638087464
4,76,95,86.03320810157209
9,69,69,92.99411004296806
4,86,99,105.73475773183057
5,85,69,92.34305251546483
3,79,68,70.88844111418001
7,63,67,86.71203311029245
4,66,100,84.6119768854712
4,70,91,88.74131515014236
8,62,74,100.9654412433249
6,72,60,81.54860879206365
2,86,100,92.40311731153685
5,76,86,86.28242857014389
4,83,76,83.51536956556404
1,76,97,83.40098923292491
5,72,74,81.6347359123063
4,92,89,84.0387342645721
3,68,70,67.88663112591207
2,75,95,77.5290381407067
6,91,67,85.25596701287064
2,95,87,89.64439610956227
2,89,74,71.708976168589
6,72,95,93.11033333274743
2,96,79,84.13562883641124
5,87,75,83.00130159145647
3,88,85,92.21263260857052
2,84,77,67.54099147763824
4,100,69,81.97930898656803
4,64,77,84.80885004072499
3,84,71,88.11930298836737
9,98,72,115.41295530614933
1,90,76,72.95427318780114
3,89,61,86.40976475918603
6,72,65,80.80705426628754
3,61,74,77.5563188071741
1,93,66,72.52123117909778
3,70,86,74.87246051476545
1,61,93,70.61214147888273
7,62,60,87.33738505628546
7,74,73,88.33902956229784
9,68,90,112.58073544461016
7,96,89,116.4167023719412
1,79,63,60.18698836669653
3,64,70,64.72765836651142
2,86,64,62.89557514878049
5,88,91,103.11259840293111
1,86,92,77.28300236704015
2,95,71,72.07175031525672
1,81,82,76.2278159842591
3,86,90,95.72527372377424
1,80,64,64.0750412032515
8,95,64,97.3385985068224
4,71,79,75.57741729546149
2,60,86,71.79649709121217
9,66,65,103.91591055661823
9,90,87,120.05651314846357
1,98,98,80.10842266206416
3,68,90,80.60344380564501
8,78,90,113.97341803397502
9,88,79,103.92072587455856
9,84,74,110.64875518405805
2,97,91,92.11355539656459
3,76,62,70.6079634935996
2,96,65,68.76846456428046
